{"cameraMode":{"drawMode":0,"name":"Shaded","section":"Shading Mode"},"sceneLighting":false,"audioPlay":false,"sceneViewState":{"showFog":true,"showMaterialUpdate":false,"showSkybox":false,"showFlares":true,"showImageEffects":true,"showParticleSystems":true},"in2DMode":false,"pivot":{"x":1377.80224609375,"y":661.77734375,"z":897.6401977539063},"rotation":{"x":0.00899956189095974,"y":0.013499240390956402,"z":-0.00012180701742181554,"w":0.9998713135719299},"size":663.595703125,"orthographic":true}